song_encoded,energy,tempo,danceability_diff,energy_diff,valence_diff,tempo_diff,acousticness_diff,instrumentalness_diff,speechiness_diff,liveness_diff,predicted_play_count_log,title,artist_name
93,0.5596158,4.912449,0.19850844,0.056024212,0.4352799,112.15999,0.2990927,0.54025245,0.12097512,0.12910971,2.060144183916089,Fader,The Temper Trap
5636,0.51282364,4.907679,0.18433295,0.10281637,0.23061933,112.164764,0.24488123,0.082847886,0.12669413,0.15704274,2.040001235607876,What's Up?,4 Non Blondes
5529,0.45488998,4.8396807,0.13624376,0.16075,0.34587508,112.23276,0.105618216,0.07835954,0.111068815,0.15240826,1.9693988659328887,Make Love To Your Mind,Bill Withers
4424,0.6344582,5.1698647,0.14052118,0.018818185,0.37120438,111.90257,0.24706204,0.082847886,0.06578936,0.15795398,1.8758197254558373,Canada,Five Iron Frenzy
6676,0.58945197,5.215104,0.35406613,0.026188055,0.004682148,111.85734,0.2938542,0.07008193,0.116346374,0.08747317,1.6692837432014622,Burden In My Hand,Soundgarden
7019,0.539996,4.963795,0.19850844,0.075644,0.27317253,112.10864,0.29750142,0.08199277,0.12737483,0.06562357,1.610532733224245,Majesty,Delirious?
4947,0.61464494,5.094682,0.13441616,0.0009950476,0.3134536,111.97776,0.26275164,0.082847886,0.10372671,0.19406167,1.6022923632233343,The Middle,Jimmy Eat World
7012,0.28743204,4.94739,0.18177703,0.32820797,0.3907004,112.12505,0.23964982,0.082843296,0.1295172,0.027298449,1.5531794482123868,Tú,Shakira
