title,artist_name,predicted_play_count_log,tempo_diff
Fader,The Temper Trap,2.060144183916089,112.15999
What's Up?,4 Non Blondes,2.040001235607876,112.164764
Make Love To Your Mind,Bill Withers,1.9693988659328887,112.23276
Canada,Five Iron Frenzy,1.8758197254558375,111.90257
Burden In My Hand,Soundgarden,1.6692837432014622,111.85734
Majesty,Delirious?,1.610532733224245,112.10864
The Middle,Jimmy Eat World,1.6022923632233343,111.97776
Tú,Shakira,1.5531794482123868,112.12505
